inputs,USA,RUS,JAP,CAN,OAB,EU,CHN,IND,BRZ,SAF,OEU,REF,MAF,LAM,ASIA0,ASIA1,ASIA2,ASIA3,ASIA4,ASIA5,ASIA6,ASIA7,ASIA8,ASIA9
pop0,331.431534,143.786842,126.495647,37.603205,88.275287,510.945015,1424.548266,1383.197753,213.863046,58.721229,101.697368,98.159997,1793.671984,420.938584,117.742566,117.742566,117.742566,117.742566,117.742566,117.742566,117.742566,117.742566,117.742566,117.742566
popasym,489.012405,143.786842,126.495647,56.703784,98.387261,512.514746,1441.181813,1678.568111,232.724279,77.593422,111.314536,118.112428,3657.546034,526.506708,147.5591956,147.5591956,147.5591956,147.5591956,147.5591956,147.5591956,147.5591956,147.5591956,147.5591956,147.5591956
popadj,0.09486514815,0.145,0.145,0.09575796192,0.08363555593,0.8453293607,0.8647552475,0.3113172337,0.4235615249,0.2038881543,0.3280715552,0.2667305196,0.1528729664,0.272184466,0.262046032,0.262046032,0.262046032,0.262046032,0.262046032,0.262046032,0.262046032,0.262046032,0.262046032,0.262046032
a0,13.39989489,8.192697586,9.226895032,11.43562437,8.541144714,9.933926685,5.680285513,3.402435858,5.367642212,4.837540185,6.90522335,6.687490106,3.694000494,5.587242069,4.414816889,4.414816889,4.414816889,4.414816889,4.414816889,4.414816889,4.414816889,4.414816889,4.414816889,4.414816889
gA0,0.0297617715,0.05739679743,0.04711630201,0.04001537218,0.05009448934,0.04758973605,0.109478049,0.1702047677,0.08327420196,0.08215185249,0.07315990096,0.06622724519,0.09535938132,0.07742086214,0.1045025831,0.1045025831,0.1045025831,0.1045025831,0.1045025831,0.1045025831,0.1045025831,0.1045025831,0.1045025831,0.1045025831
dela,0.002761939071,0.00544408983,0.004356651503,0.004128685926,0.004494436392,0.00479870326,0.01038478813,0.01375488739,0.00697187223,0.006409576551,0.006864838819,0.00578246289,0.006812570719,0.006440250726,0.008491746895,0.008491746895,0.008491746895,0.008491746895,0.008491746895,0.008491746895,0.008491746895,0.008491746895,0.008491746895,0.008491746895
sig0,0.280922001,0.479158782,0.254380851,0.260517046,0.259556002,0.165847075,0.527971933,0.281053545,0.170522279,0.657903255,0.249117126,0.358589327,0.290091678,0.215191552,0.238792437,0.238792437,0.238792437,0.238792437,0.238792437,0.238792437,0.238792437,0.238792437,0.238792437,0.238792437
gsigma1,-0.02404676801,-0.01914030911,-0.00655657398,-0.03027550298,-0.03237696102,-0.02785658941,-0.01746152834,-0.01337319315,-0.0006568783034,-0.01120514958,-0.009589237749,-0.04194604269,-0.0009278451027,-0.008815938474,-0.009116352044,-0.009116352044,-0.009116352044,-0.009116352044,-0.009116352044,-0.009116352044,-0.009116352044,-0.009116352044,-0.009116352044,-0.009116352044
delgsig,0.941914892,0.990365301,0.9933519796,0.9595652057,0.9353445869,0.9713754445,0.9573978354,0.9973545328,0.9988251186,0.9962885125,0.990638645,0.9357233164,0.9996482725,0.9948038484,0.9944843112,0.9944843112,0.9944843112,0.9944843112,0.9944843112,0.9944843112,0.9944843112,0.9944843112,0.9944843112,0.9944843112
asymgsig,-0.005,-0.005,-0.005,-0.005,-0.005,-0.005,-0.005,-0.005,-0.005,-0.005,-0.005,-0.005,-0.005,-0.005,-0.005,-0.005,-0.005,-0.005,-0.005,-0.005,-0.005,-0.005,-0.005,-0.005
q0,21.61526532,4.290607726,5.828792379,1.961940017,3.101175166,23.03631701,23.39371704,9.817438668,3.818423227,0.8476879018,2.158060502,1.518932079,13.04658398,7.381580381,1.38834786,1.38834786,1.38834786,1.38834786,1.38834786,1.38834786,1.38834786,1.38834786,1.38834786,1.38834786
K0,43.62487169,7.437740445,16.91253558,4.355387306,6.519074547,53.97060711,65.48501566,18.73440361,9.482384841,1.792109753,3.762030458,1.486762001,23.93548355,14.512442,2.998915146,2.998915146,2.998915146,2.998915146,2.998915146,2.998915146,2.998915146,2.998915146,2.998915146,2.998915146
miu0,0.048659579,0.015736468,0.013935742,0.011577674,0.012024364,0.033061312,0.030961871,0.02224171,0.015085342,0.006394268,0.008004465,0.010156786,0.05392578,0.017245908,0.028593562,0.028593562,0.028593562,0.028593562,0.028593562,0.028593562,0.028593562,0.028593562,0.028593562,0.028593562
a2,0.00284,0.00284,0.00284,0.00284,0.00284,0.00284,0.00284,0.00284,0.00284,0.00284,0.00284,0.00284,0.00284,0.00284,0.00284,0.00284,0.00284,0.00284,0.00284,0.00284,0.00284,0.00284,0.00284,0.00284
a3,1.57E-05,1.57E-05,1.57E-05,1.57E-05,1.57E-05,1.57E-05,1.57E-05,1.57E-05,1.57E-05,1.57E-05,1.57E-05,1.57E-05,1.57E-05,1.57E-05,1.57E-05,1.57E-05,1.57E-05,1.57E-05,1.57E-05,1.57E-05,1.57E-05,1.57E-05,1.57E-05,1.57E-05
n3,7.315027067,7.315027067,7.315027067,7.315027067,7.315027067,7.315027067,7.315027067,7.315027067,7.315027067,7.315027067,7.315027067,7.315027067,7.315027067,7.315027067,7.315027067,7.315027067,7.315027067,7.315027067,7.315027067,7.315027067,7.315027067,7.315027067,7.315027067,7.315027067
quad,0,0,0,0,0,0,0,0,0,0,0,0,0,0,0,0,0,0,0,0,0,0,0,0