inputs,USA,RUS,JAP,CAN,OAB,EU,CHN,IND,BRZ,SAF,OEU,REF,ASIA,LAM,MAF0,MAF1,MAF2,MAF3,MAF4,MAF5,MAF6,MAF7,MAF8,MAF9
pop0,331.431534,143.786842,126.495647,37.603205,88.275287,510.945015,1424.548266,1383.197753,213.863046,58.721229,101.697368,98.159997,1177.42566,420.938584,179.3671984,179.3671984,179.3671984,179.3671984,179.3671984,179.3671984,179.3671984,179.3671984,179.3671984,179.3671984
popasym,489.012405,143.786842,126.495647,56.703784,98.387261,512.514746,1441.181813,1678.568111,232.724279,77.593422,111.314536,118.112428,1475.591956,526.506708,365.7546034,365.7546034,365.7546034,365.7546034,365.7546034,365.7546034,365.7546034,365.7546034,365.7546034,365.7546034
popadj,0.0948651481482641,0.145,0.145,0.0957579619177931,0.0836355559268948,0.8453293607409222,0.864755247534534,0.3113172336734592,0.4235615248957541,0.2038881542788668,0.3280715552142532,0.2667305196047428,0.2620460320268293,0.2721844659842559,0.1528729663719469,0.1528729663719469,0.1528729663719469,0.1528729663719469,0.1528729663719469,0.1528729663719469,0.1528729663719469,0.1528729663719469,0.1528729663719469,0.1528729663719469
a0,13.39989489,8.192697586,9.226895032,11.43562437,8.541144714,9.933926685,5.680285513,3.402435858,5.367642212,4.837540185,6.90522335,6.687490106,4.414816889,5.587242069,3.694000494,3.694000494,3.694000494,3.694000494,3.694000494,3.694000494,3.694000494,3.694000494,3.694000494,3.694000494
gA0,0.029761771503019,0.05739679742536517,0.04711630201162899,0.0400153721790157,0.050094489340822806,0.047589736054706434,0.10947804904047129,0.17020476769690113,0.08327420195505499,0.08215185248731298,0.0731599009563209,0.06622724519029642,0.10450258305288046,0.07742086213748478,0.09535938131553795,0.09535938131553795,0.09535938131553795,0.09535938131553795,0.09535938131553795,0.09535938131553795,0.09535938131553795,0.09535938131553795,0.09535938131553795,0.09535938131553795
dela,0.002761939071476955,0.0054440898296478895,0.004356651503103353,0.004128685926129602,0.004494436391646149,0.004798703260074941,0.010384788134294526,0.013754887389122684,0.006971872229785267,0.006409576550564359,0.006864838818983247,0.00578246289032335,0.008491746895322132,0.006440250726240022,0.0068125707188628265,0.0068125707188628265,0.0068125707188628265,0.0068125707188628265,0.0068125707188628265,0.0068125707188628265,0.0068125707188628265,0.0068125707188628265,0.0068125707188628265,0.0068125707188628265
sig0,0.280922001,0.479158782,0.254380851,0.260517046,0.259556002,0.165847075,0.527971933,0.281053545,0.170522279,0.657903255,0.249117126,0.358589327,0.238792437,0.215191552,0.290091678,0.290091678,0.290091678,0.290091678,0.290091678,0.290091678,0.290091678,0.290091678,0.290091678,0.290091678
gsigma1,-0.0240467680050383,-0.0191403091133716,-0.0065565739798148,-0.0302755029834893,-0.032376961024735,-0.0278565894110839,-0.0174615283405066,-0.0133731931497678,-0.0006568783034186,-0.0112051495827484,-0.0095892377490251,-0.0419460426860129,-0.009116352044067,-0.0088159384735487,-0.0009278451027038,-0.0009278451027038,-0.0009278451027038,-0.0009278451027038,-0.0009278451027038,-0.0009278451027038,-0.0009278451027038,-0.0009278451027038,-0.0009278451027038,-0.0009278451027038
delgsig,0.9419148920373368,0.9903653009510964,0.9933519796215656,0.9595652056602813,0.9353445869168924,0.9713754445296944,0.9573978353716676,0.9973545328308826,0.9988251185968016,0.996288512503684,0.990638645027068,0.9357233163708324,0.9944843111577272,0.9948038484087584,0.9996482725402124,0.9996482725402124,0.9996482725402124,0.9996482725402124,0.9996482725402124,0.9996482725402124,0.9996482725402124,0.9996482725402124,0.9996482725402124,0.9996482725402124
asymgsig,-0.005,-0.005,-0.005,-0.005,-0.005,-0.005,-0.005,-0.005,-0.005,-0.005,-0.005,-0.005,-0.005,-0.005,-0.005,-0.005,-0.005,-0.005,-0.005,-0.005,-0.005,-0.005,-0.005,-0.005
q0,21.61526532,4.290607726,5.828792379,1.961940017,3.101175166,23.03631701,23.39371704,9.817438668,3.818423227,0.8476879018,2.158060502,1.518932079,13.8834786,7.381580381,1.304658398,1.304658398,1.304658398,1.304658398,1.304658398,1.304658398,1.304658398,1.304658398,1.304658398,1.304658398
K0,43.62487169,7.437740445,16.91253558,4.355387306,6.519074547,53.97060711,65.48501566,18.73440361,9.482384841,1.792109753,3.762030458,1.486762001,29.98915146,14.512442,2.393548355,2.393548355,2.393548355,2.393548355,2.393548355,2.393548355,2.393548355,2.393548355,2.393548355,2.393548355
miu0,0.048659579,0.015736468,0.013935742,0.011577674,0.012024364,0.033061312,0.030961871,0.02224171,0.015085342,0.006394268,0.008004465,0.010156786,0.028593562,0.017245908,0.05392578,0.05392578,0.05392578,0.05392578,0.05392578,0.05392578,0.05392578,0.05392578,0.05392578,0.05392578
a2,0.003467,0.003467,0.003467,0.003467,0.003467,0.003467,0.003467,0.003467,0.003467,0.003467,0.003467,0.003467,0.003467,0.003467,0.003467,0.003467,0.003467,0.003467,0.003467,0.003467,0.003467,0.003467,0.003467,0.003467
a3,1.57E-05,1.57E-05,1.57E-05,1.57E-05,1.57E-05,1.57E-05,1.57E-05,1.57E-05,1.57E-05,1.57E-05,1.57E-05,1.57E-05,1.57E-05,1.57E-05,1.57E-05,1.57E-05,1.57E-05,1.57E-05,1.57E-05,1.57E-05,1.57E-05,1.57E-05,1.57E-05,1.57E-05
n3,7.315027067,7.315027067,7.315027067,7.315027067,7.315027067,7.315027067,7.315027067,7.315027067,7.315027067,7.315027067,7.315027067,7.315027067,7.315027067,7.315027067,7.315027067,7.315027067,7.315027067,7.315027067,7.315027067,7.315027067,7.315027067,7.315027067,7.315027067,7.315027067
quad,0,0,0,0,0,0,0,0,0,0,0,0,0,0,0,0,0,0,0,0,0,0,0,0